timestamp,hour,minute,second,cpu_usage,memory_usage,swap_memory,disk_usage_percent,system_uptime_minutes,process_count,active_processes,background_processes,high_cpu_processes,high_memory_processes,python_processes,shell_processes,suspicious_process_names,zombie_processes,cpu_threads,total_threads,thread_to_process_ratio,keyboard_events,keyboard_to_process_ratio,total_open_files,network_connections,total_connections,users_logged_in,cpu_to_keyboard_ratio,keyboard_hardware_interrupts,kernel_context_switches_delta,kernel_sys_read_delta,kernel_sys_write_delta,kernel_openat_delta,kernel_execve_delta,kernel_connect_delta,scenario,collector_type,label
2026-05-31T01:55:23.431857,1,55,23,0.0,47.2,0.0,88.2,21.46,243,243,231,0,2,3,10,5,0,4,616,2.535,243,1.0,243,23,23,2,0.0,0,1,95,50,8,0,0,demo_vm_idle,ebpf,benign
2026-05-31T01:55:24.179194,1,55,24,39.0,47.3,0.0,88.2,21.47,246,246,233,2,2,4,12,5,1,4,619,2.5163,246,1.0,246,23,23,2,0.1585,0,699,2351,308,1604,2,0,demo_vm_idle,ebpf,benign
2026-05-31T01:55:24.849678,1,55,24,35.7,48.1,0.0,88.2,21.48,246,246,233,5,2,4,12,5,1,4,621,2.5244,246,1.0,246,23,23,2,0.1451,0,1783,4396,675,3900,17,10,demo_vm_idle,ebpf,benign
2026-05-31T01:55:25.896032,1,55,25,62.2,48.5,0.0,88.2,21.49,246,245,233,4,2,4,12,5,1,4,629,2.5569,246,1.0,246,25,25,2,0.2528,0,521,2082,237,1689,2,1,demo_vm_idle,ebpf,benign
2026-05-31T01:55:26.585962,1,55,26,29.3,48.7,0.0,88.2,21.51,249,249,236,3,2,4,13,5,1,4,637,2.5582,249,1.0,249,26,26,2,0.1177,0,8543,5175,519,3511,25,3,demo_vm_idle,ebpf,benign
2026-05-31T01:55:27.266683,1,55,27,14.8,48.7,0.0,88.2,21.52,246,246,233,3,2,4,12,5,1,4,634,2.5772,246,1.0,246,28,28,2,0.0602,0,6269,3359,641,2060,16,2,demo_vm_idle,ebpf,benign
2026-05-31T01:55:27.950924,1,55,27,51.4,48.7,0.0,88.2,21.53,246,245,233,4,2,4,11,5,0,4,625,2.5407,246,1.0,246,26,26,2,0.2089,0,7534,2251,585,1696,6,4,demo_vm_idle,ebpf,benign
2026-05-31T01:55:28.631158,1,55,28,17.2,49.0,0.0,88.2,21.54,246,246,232,5,2,4,12,5,1,4,633,2.5732,246,1.0,246,28,28,2,0.0699,0,6307,5540,1807,3294,9,3,demo_vm_idle,ebpf,benign
2026-05-31T01:55:29.353337,1,55,29,45.2,49.0,0.0,88.2,21.55,246,246,232,3,2,4,12,5,1,4,629,2.5569,246,1.0,246,29,29,2,0.1837,0,8299,2088,443,1405,2,0,demo_vm_idle,ebpf,benign
2026-05-31T01:55:30.195704,1,55,30,42.4,49.0,0.0,88.2,21.57,246,246,232,3,2,4,12,5,1,4,621,2.5244,246,1.0,246,28,28,2,0.1724,0,10181,2771,548,1750,2,1,demo_vm_idle,ebpf,benign
2026-05-31T01:55:31.050837,1,55,31,56.8,48.8,0.0,88.2,21.58,244,244,231,3,2,4,11,5,0,4,616,2.5246,244,1.0,244,29,29,2,0.2328,1,9679,3174,706,2082,7,1,demo_vm_idle,ebpf,benign
2026-05-31T01:55:31.730628,1,55,31,24.1,48.8,0.0,88.2,21.59,248,248,234,3,2,4,13,5,1,4,625,2.5202,248,1.0,248,31,31,2,0.0972,11,9987,3824,602,2577,19,1,demo_vm_idle,ebpf,benign
2026-05-31T01:55:32.417277,1,55,32,39.4,48.9,0.0,88.2,21.61,245,245,231,5,2,4,12,5,1,4,622,2.5388,245,1.0,245,32,32,2,0.1608,0,4363,2793,482,1798,12,0,demo_vm_idle,ebpf,benign
2026-05-31T01:55:33.112317,1,55,33,47.2,48.9,0.0,88.2,21.62,245,245,231,4,2,4,12,5,1,4,622,2.5388,245,1.0,245,32,32,2,0.1927,0,7788,2049,384,1408,2,1,demo_vm_idle,ebpf,benign
2026-05-31T01:55:33.792208,1,55,33,39.5,48.8,0.0,88.2,21.63,245,245,231,4,2,4,12,5,1,4,614,2.5061,245,1.0,245,33,33,2,0.1612,0,7600,3931,1558,2097,5,4,demo_vm_idle,ebpf,benign
2026-05-31T01:55:34.525787,1,55,34,37.9,48.8,0.0,88.2,21.64,245,245,231,3,2,4,12,5,1,4,622,2.5388,245,1.0,245,33,33,2,0.1547,0,6358,3235,514,2319,6,3,demo_vm_idle,ebpf,benign
2026-05-31T01:55:35.224656,1,55,35,28.6,48.8,0.0,88.2,21.65,245,245,231,4,2,4,12,5,1,4,612,2.498,245,1.0,245,32,32,2,0.1167,0,6379,2650,420,1741,2,0,demo_vm_idle,ebpf,benign
2026-05-31T01:55:35.921589,1,55,35,50.0,48.8,0.0,88.2,21.66,245,245,231,4,2,4,12,5,1,4,611,2.4939,245,1.0,245,33,33,2,0.2041,0,9154,2681,400,2030,7,1,demo_vm_idle,ebpf,benign
2026-05-31T01:55:36.618481,1,55,36,54.5,48.9,0.0,88.2,21.68,249,249,235,3,2,4,13,5,1,4,622,2.498,249,1.0,249,35,35,2,0.2189,0,4758,3663,449,2563,19,1,demo_vm_idle,ebpf,benign
2026-05-31T01:55:37.320483,1,55,37,42.9,48.9,0.0,88.2,21.69,245,245,231,3,2,4,12,5,1,4,618,2.5224,245,1.0,245,36,36,2,0.1751,0,8499,3397,629,2752,16,0,demo_vm_idle,ebpf,benign
2026-05-31T01:55:38.020695,1,55,38,29.7,48.9,0.0,88.2,21.7,245,245,231,3,2,4,12,5,1,4,618,2.5224,245,1.0,245,36,36,2,0.1212,0,6776,2136,476,1410,3,1,demo_vm_idle,ebpf,benign
2026-05-31T01:55:38.712592,1,55,38,43.2,48.9,0.0,88.2,21.71,245,245,231,3,2,4,12,5,1,4,618,2.5224,245,1.0,245,37,37,2,0.1763,0,7835,2741,503,1731,2,1,demo_vm_idle,ebpf,benign
2026-05-31T01:55:39.566360,1,55,39,62.5,48.9,0.0,88.2,21.72,245,245,231,4,2,4,12,5,1,4,618,2.5224,245,1.0,245,38,38,2,0.2551,0,6244,2677,426,1951,4,0,demo_vm_idle,ebpf,benign
2026-05-31T01:55:40.410961,1,55,40,42.4,48.9,0.0,88.2,21.74,245,245,231,3,2,4,12,5,1,4,618,2.5224,245,1.0,245,39,39,2,0.1731,0,13818,4526,1660,2450,5,7,demo_vm_idle,ebpf,benign
2026-05-31T01:55:41.262506,1,55,41,37.1,48.9,0.0,88.2,21.75,251,251,237,3,2,4,14,5,1,4,624,2.4861,251,1.0,251,42,42,2,0.1478,0,9933,5101,596,3721,34,1,demo_vm_idle,ebpf,benign
2026-05-31T01:55:42.086165,1,55,42,20.6,48.9,0.0,88.2,21.76,249,246,231,3,2,5,12,5,1,4,624,2.506,249,1.0,249,42,42,2,0.0827,0,8078,3075,661,1885,5,2,demo_vm_idle,ebpf,benign
2026-05-31T01:55:42.814799,1,55,42,26.8,48.9,0.0,88.2,21.78,249,249,234,3,2,5,13,5,1,4,627,2.5181,249,1.0,249,43,43,2,0.1076,0,7213,3793,533,2613,22,0,demo_vm_idle,ebpf,benign
2026-05-31T01:55:43.515658,1,55,43,29.7,48.9,0.0,88.2,21.79,246,246,231,2,2,5,12,5,1,4,624,2.5366,246,1.0,246,43,43,2,0.1207,0,7507,2085,383,1440,5,1,demo_vm_idle,ebpf,benign
2026-05-31T01:55:44.281175,1,55,44,16.2,48.9,0.0,88.2,21.8,246,246,231,3,2,5,12,5,1,4,616,2.5041,246,1.0,246,45,45,2,0.0659,0,5188,2702,471,1733,3,0,demo_vm_idle,ebpf,benign
2026-05-31T01:55:44.971985,1,55,44,44.7,48.9,0.0,88.2,21.81,245,245,231,3,2,5,11,5,0,4,623,2.5429,245,1.0,245,45,45,2,0.1824,0,6070,2014,366,1404,2,2,demo_vm_idle,ebpf,benign
2026-05-31T01:55:45.665134,1,55,45,31.2,48.9,0.0,88.2,21.83,245,245,230,5,2,5,12,5,1,4,619,2.5265,245,1.0,245,46,46,2,0.1273,0,12510,5479,1644,3393,8,7,demo_vm_idle,ebpf,benign
2026-05-31T01:55:46.347171,1,55,46,20.0,48.9,0.0,88.2,21.84,251,251,236,3,2,5,14,5,1,4,623,2.4821,251,1.0,251,47,47,2,0.0797,0,7676,5039,482,3729,35,0,demo_vm_idle,ebpf,benign
2026-05-31T01:55:47.040374,1,55,47,44.4,48.9,0.0,88.2,21.85,248,247,232,3,2,5,13,5,1,4,619,2.496,248,1.0,248,48,48,2,0.179,0,6618,2180,460,1458,5,22,demo_vm_idle,ebpf,benign
2026-05-31T01:55:47.719974,1,55,47,31.2,48.9,0.0,88.2,21.86,245,245,230,5,2,5,12,5,1,4,609,2.4857,245,1.0,245,48,48,2,0.1273,0,6199,2920,634,1787,13,4,demo_vm_idle,ebpf,benign
2026-05-31T01:55:48.398548,1,55,48,55.9,48.9,0.0,88.2,21.87,245,245,230,3,2,5,12,5,1,4,617,2.5184,245,1.0,245,50,50,2,0.2282,0,8346,2077,421,1400,2,3,demo_vm_idle,ebpf,benign
2026-05-31T01:55:49.078226,1,55,49,22.6,48.9,0.0,88.2,21.88,245,245,230,3,2,5,12,5,1,4,617,2.5184,245,1.0,245,51,51,2,0.0922,0,5779,2701,464,1741,2,2,demo_vm_idle,ebpf,benign
2026-05-31T01:55:49.778821,1,55,49,35.3,48.9,0.0,88.2,21.89,245,245,230,2,2,5,12,5,1,4,617,2.5184,245,1.0,245,51,51,2,0.1441,0,6847,2022,385,1385,2,0,demo_vm_idle,ebpf,benign
2026-05-31T01:55:50.458093,1,55,50,50.0,48.9,0.0,88.2,21.91,245,245,230,3,2,5,12,5,1,4,610,2.4898,245,1.0,245,53,53,2,0.2041,0,4180,2676,440,1739,2,2,demo_vm_idle,ebpf,benign
2026-05-31T01:55:51.151438,1,55,51,37.5,48.9,0.0,88.2,21.92,251,251,236,4,2,5,14,5,1,4,615,2.4502,251,1.0,251,52,52,2,0.1494,0,13258,6280,1530,4114,40,4,demo_vm_idle,ebpf,benign
2026-05-31T01:55:51.843548,1,55,51,41.9,48.9,0.0,88.2,21.93,248,248,233,3,2,5,13,5,1,4,620,2.5,248,1.0,248,54,54,2,0.169,0,8903,3239,467,2289,3,1,demo_vm_idle,ebpf,benign
2026-05-31T01:55:52.521289,1,55,52,46.7,48.9,0.0,88.2,21.94,245,245,230,4,2,5,12,5,1,4,617,2.5184,245,1.0,245,55,55,2,0.1906,0,5974,2873,523,1833,15,1,demo_vm_idle,ebpf,benign
2026-05-31T01:55:53.205731,1,55,53,36.4,48.9,0.0,88.2,21.95,245,245,230,3,2,5,12,5,1,4,609,2.4857,245,1.0,245,54,54,2,0.1486,0,7236,2039,393,1392,2,0,demo_vm_idle,ebpf,benign
2026-05-31T01:55:53.959479,1,55,53,45.5,48.9,0.0,88.2,21.96,245,245,230,3,2,5,12,5,1,4,617,2.5184,245,1.0,245,57,57,2,0.1857,0,5665,2682,437,1733,2,2,demo_vm_idle,ebpf,benign
2026-05-31T01:55:54.648141,1,55,54,21.1,48.9,0.0,88.2,21.98,245,245,230,3,2,5,12,5,1,4,609,2.4857,245,1.0,245,56,56,2,0.0861,0,8001,2711,493,1740,3,0,demo_vm_idle,ebpf,benign
2026-05-31T01:55:55.361962,1,55,55,50.0,48.9,0.0,88.2,21.99,245,245,230,2,2,5,12,5,1,4,617,2.5184,245,1.0,245,58,58,2,0.2041,0,6599,2081,424,1399,2,1,demo_vm_idle,ebpf,benign
2026-05-31T01:55:56.068470,1,55,56,39.5,48.9,0.0,88.2,22.0,248,248,233,3,2,5,13,5,1,4,621,2.504,248,1.0,248,59,59,2,0.1593,0,7237,3348,452,2392,7,1,demo_vm_idle,ebpf,benign
2026-05-31T01:55:56.773884,1,55,56,54.3,48.9,0.0,88.2,22.01,248,248,233,4,2,5,13,5,1,4,620,2.5,248,1.0,248,60,60,2,0.219,0,10159,3843,1064,2590,23,5,demo_vm_idle,ebpf,benign
2026-05-31T01:55:57.471067,1,55,57,51.9,48.9,0.0,88.2,22.02,245,245,230,4,2,5,12,5,1,4,617,2.5184,245,1.0,245,61,61,2,0.2118,0,6571,4486,1028,2785,15,3,demo_vm_idle,ebpf,benign
2026-05-31T01:55:58.151685,1,55,58,38.2,48.9,0.0,88.2,22.03,245,245,230,3,2,5,12,5,1,4,609,2.4857,245,1.0,245,60,60,2,0.1559,0,9800,2681,429,1743,3,0,demo_vm_idle,ebpf,benign
2026-05-31T01:55:58.831108,1,55,58,48.3,48.9,0.0,88.2,22.05,248,248,233,4,2,5,13,5,1,4,620,2.5,248,1.0,248,62,62,2,0.1948,0,5502,3060,479,2188,12,1,demo_vm_idle,ebpf,benign
2026-05-31T01:55:59.501831,1,55,59,41.9,48.9,0.0,88.2,22.06,245,245,230,3,2,5,12,5,1,4,609,2.4857,245,1.0,245,62,62,2,0.171,0,6406,2057,362,1431,5,1,demo_vm_idle,ebpf,benign
2026-05-31T01:56:00.189119,1,56,0,41.9,48.9,0.0,88.2,22.07,245,245,230,4,2,5,12,5,1,4,610,2.4898,245,1.0,245,64,64,2,0.171,0,7650,2706,480,1737,2,1,demo_vm_idle,ebpf,benign
2026-05-31T01:56:00.903472,1,56,0,13.0,48.9,0.0,88.2,22.08,245,244,230,4,2,5,12,5,1,4,616,2.5143,245,1.0,245,65,65,2,0.0531,0,5923,2674,439,1728,2,0,demo_vm_idle,ebpf,benign
2026-05-31T01:56:01.589666,1,56,1,44.7,49.0,0.0,88.2,22.09,248,248,233,3,2,5,13,5,1,4,616,2.4839,248,1.0,248,65,65,2,0.1802,0,5372,3337,374,2563,25,1,demo_vm_idle,ebpf,benign
2026-05-31T01:56:02.279883,1,56,2,36.1,49.0,0.0,88.2,22.1,245,245,230,3,2,5,12,5,1,4,617,2.5184,245,1.0,245,67,67,2,0.1473,0,8222,2737,413,1801,11,0,demo_vm_idle,ebpf,benign
2026-05-31T01:56:02.972838,1,56,2,44.4,49.0,0.0,88.2,22.11,245,245,230,4,2,5,12,5,1,4,617,2.5184,245,1.0,245,67,67,2,0.1812,0,11386,4585,1669,2720,8,8,demo_vm_idle,ebpf,benign
2026-05-31T01:56:03.671472,1,56,3,25.8,49.0,0.0,88.2,22.13,245,245,230,3,2,5,12,5,1,4,617,2.5184,245,1.0,245,68,68,2,0.1053,0,6939,2664,451,1725,2,1,demo_vm_idle,ebpf,benign
2026-05-31T01:56:04.372051,1,56,4,40.0,49.0,0.0,88.2,22.14,245,245,230,2,2,5,12,5,1,4,617,2.5184,245,1.0,245,69,69,2,0.1633,0,7176,2718,472,1746,3,0,demo_vm_idle,ebpf,benign
2026-05-31T01:56:05.060756,1,56,5,35.3,49.0,0.0,88.2,22.15,245,245,230,3,2,5,12,5,1,4,609,2.4857,245,1.0,245,68,68,2,0.1441,0,9923,2014,363,1406,2,1,demo_vm_idle,ebpf,benign
2026-05-31T01:56:05.777074,1,56,5,40.0,49.0,0.0,88.2,22.16,245,245,230,3,2,5,12,5,1,4,617,2.5184,245,1.0,245,70,70,2,0.1633,0,6657,3051,528,2044,2,2,demo_vm_idle,ebpf,benign
2026-05-31T01:56:06.487643,1,56,6,33.3,49.0,0.0,88.2,22.17,251,251,236,3,2,5,14,5,1,4,615,2.4502,251,1.0,251,69,69,2,0.1327,0,7039,4818,433,3643,29,0,demo_vm_idle,ebpf,benign
2026-05-31T01:56:07.173269,1,56,7,39.3,49.0,0.0,88.2,22.18,248,248,233,3,2,5,13,5,1,4,617,2.4879,248,1.0,248,71,71,2,0.1585,0,5755,2292,489,1491,15,1,demo_vm_idle,ebpf,benign
2026-05-31T01:56:07.888324,1,56,7,55.3,49.0,0.0,88.2,22.2,245,245,230,2,2,5,12,5,1,4,617,2.5184,245,1.0,245,72,72,2,0.2257,0,7365,2757,447,1781,8,0,demo_vm_idle,ebpf,benign
2026-05-31T01:56:08.581150,1,56,8,37.5,49.0,0.0,88.2,22.21,244,244,230,4,2,4,12,5,1,4,611,2.5041,244,1.0,244,71,71,2,0.1537,0,11967,4649,1754,2722,8,7,demo_vm_idle,ebpf,benign
2026-05-31T01:56:09.265068,1,56,9,26.5,49.0,0.0,88.2,22.22,247,247,233,5,2,4,13,5,1,4,606,2.4534,247,1.0,247,72,72,2,0.1073,0,5801,3683,543,2516,11,0,demo_vm_idle,ebpf,benign
2026-05-31T01:56:09.948333,1,56,9,32.1,49.0,0.0,88.2,22.23,247,247,233,3,2,4,13,5,1,4,614,2.4858,247,1.0,247,72,72,2,0.13,0,7119,2173,521,1415,2,1,demo_vm_idle,ebpf,benign
2026-05-31T01:56:10.662453,1,56,10,50.0,48.9,0.0,88.2,22.24,244,244,230,2,2,4,12,5,1,4,611,2.5041,244,1.0,244,74,74,2,0.2049,0,6459,2698,436,1750,4,1,demo_vm_idle,ebpf,benign
2026-05-31T01:56:11.355254,1,56,11,25.7,48.9,0.0,88.2,22.25,248,248,233,4,2,5,13,5,1,4,619,2.496,248,1.0,248,74,74,2,0.1036,0,7982,4286,623,3017,57,11,demo_vm_idle,ebpf,benign
2026-05-31T01:56:12.051308,1,56,12,43.7,48.9,0.0,88.2,22.27,251,248,233,3,2,5,13,5,1,4,611,2.4343,251,1.0,251,73,73,2,0.1741,0,10933,3167,458,2276,13,1,demo_vm_idle,ebpf,benign
2026-05-31T01:56:12.746091,1,56,12,33.3,49.0,0.0,88.2,22.28,245,245,230,3,2,5,12,5,1,4,616,2.5143,245,1.0,245,75,75,2,0.1359,0,5722,2804,513,1795,11,1,demo_vm_idle,ebpf,benign
2026-05-31T01:56:13.478070,1,56,13,44.4,48.9,0.0,88.2,22.29,245,245,230,3,2,5,12,5,1,4,616,2.5143,245,1.0,245,76,76,2,0.1812,0,7996,2765,510,1754,5,0,demo_vm_idle,ebpf,benign
2026-05-31T01:56:14.226984,1,56,14,16.9,48.9,0.0,88.2,22.3,245,245,230,4,2,5,12,5,1,4,616,2.5143,245,1.0,245,76,76,2,0.069,0,11962,4434,1537,2703,8,7,demo_vm_idle,ebpf,benign
2026-05-31T01:56:14.904553,1,56,14,51.4,48.9,0.0,88.2,22.31,245,245,230,4,2,5,12,5,1,4,616,2.5143,245,1.0,245,77,77,2,0.2098,0,4730,2684,452,1729,3,0,demo_vm_idle,ebpf,benign
2026-05-31T01:56:15.593676,1,56,15,30.0,48.9,0.0,88.2,22.33,245,245,230,3,2,5,12,5,1,4,616,2.5143,245,1.0,245,77,77,2,0.1224,0,6185,2306,338,1712,2,1,demo_vm_idle,ebpf,benign
2026-05-31T01:56:16.331898,1,56,16,34.3,48.9,0.0,88.2,22.34,248,247,233,3,2,5,13,5,1,4,614,2.4758,248,1.0,248,78,78,2,0.1383,0,5594,3674,470,2566,20,0,demo_vm_idle,ebpf,benign
2026-05-31T01:56:17.026031,1,56,17,30.8,48.9,0.0,88.2,22.35,251,251,236,3,2,5,14,5,1,4,622,2.4781,251,1.0,251,78,78,2,0.1227,0,7751,3407,431,2563,17,1,demo_vm_idle,ebpf,benign
2026-05-31T01:56:17.713224,1,56,17,25.7,48.9,0.0,88.2,22.36,245,245,230,2,2,5,12,5,1,4,608,2.4816,245,1.0,245,77,77,2,0.1049,0,5258,2960,574,1839,15,0,demo_vm_idle,ebpf,benign
2026-05-31T01:56:18.384634,1,56,18,32.3,48.9,0.0,88.2,22.37,245,245,230,2,2,5,12,5,1,4,616,2.5143,245,1.0,245,79,79,2,0.1318,0,5077,1966,330,1387,2,1,demo_vm_idle,ebpf,benign
2026-05-31T01:56:19.059577,1,56,19,38.2,48.9,0.0,88.2,22.38,245,245,230,3,2,5,12,5,1,4,608,2.4816,245,1.0,245,78,78,2,0.1559,0,6714,2640,383,1741,2,0,demo_vm_idle,ebpf,benign
2026-05-31T01:56:19.740638,1,56,19,44.4,48.9,0.0,88.2,22.39,245,245,230,5,2,5,12,5,1,4,616,2.5143,245,1.0,245,80,80,2,0.1812,0,9026,4076,1582,2388,8,7,demo_vm_idle,ebpf,benign
2026-05-31T01:56:20.418363,1,56,20,39.4,48.9,0.0,88.2,22.41,245,245,230,4,2,5,12,5,1,4,616,2.5143,245,1.0,245,81,81,2,0.1608,0,7235,3048,443,2038,2,0,demo_vm_idle,ebpf,benign
2026-05-31T01:56:21.093297,1,56,21,40.0,48.9,0.0,88.2,22.42,248,248,233,3,2,5,13,5,1,4,619,2.496,248,1.0,248,81,81,2,0.1613,0,6825,2709,455,1940,38,9,demo_vm_idle,ebpf,benign
2026-05-31T01:56:21.866075,1,56,21,48.6,48.9,0.0,88.2,22.43,251,251,236,3,2,5,14,5,1,4,621,2.4741,251,1.0,251,82,82,2,0.1936,0,6649,3449,400,2424,21,0,demo_vm_idle,ebpf,benign
2026-05-31T01:56:22.560607,1,56,22,19.4,48.9,0.0,88.2,22.44,248,248,233,4,2,5,13,5,1,4,619,2.496,248,1.0,248,82,82,2,0.0782,0,7401,3256,556,2301,21,1,demo_vm_idle,ebpf,benign
2026-05-31T01:56:23.238148,1,56,23,22.6,48.9,0.0,88.2,22.45,245,245,230,4,2,5,12,5,1,4,608,2.4816,245,1.0,245,81,81,2,0.0922,0,6023,2815,541,1760,5,0,demo_vm_idle,ebpf,benign
2026-05-31T01:56:23.950288,1,56,23,37.0,48.9,0.0,88.2,22.46,245,245,230,4,2,5,12,5,1,4,616,2.5143,245,1.0,245,83,83,2,0.151,0,6284,2105,443,1400,2,1,demo_vm_idle,ebpf,benign
2026-05-31T01:56:24.631996,1,56,24,36.1,48.9,0.0,88.2,22.48,245,245,230,3,2,5,12,5,1,4,609,2.4857,245,1.0,245,83,83,2,0.1473,0,5731,1963,335,1379,3,0,demo_vm_idle,ebpf,benign
2026-05-31T01:56:25.321638,1,56,25,66.7,48.9,0.0,88.2,22.49,248,245,230,5,2,5,12,5,1,4,609,2.4556,248,1.0,248,83,83,2,0.269,0,10566,3396,1004,2089,5,5,demo_vm_idle,ebpf,benign
2026-05-31T01:56:26.009036,1,56,26,44.4,48.9,0.0,88.2,22.5,247,245,230,2,2,5,12,5,1,4,616,2.4939,247,1.0,247,85,85,2,0.1798,0,6187,4545,869,3011,5,3,demo_vm_idle,ebpf,benign
2026-05-31T01:56:26.735001,1,56,26,24.2,48.9,0.0,88.2,22.51,248,248,233,3,2,5,13,5,1,4,619,2.496,248,1.0,248,86,86,2,0.0976,0,6758,3344,392,2554,24,19,demo_vm_idle,ebpf,benign
2026-05-31T01:56:27.442872,1,56,27,55.9,48.9,0.0,88.2,22.52,245,244,229,3,2,5,12,5,1,4,615,2.5102,245,1.0,245,86,86,2,0.2282,0,5465,2919,590,1812,17,4,demo_vm_idle,ebpf,benign
2026-05-31T01:56:28.110929,1,56,28,36.4,48.9,0.0,88.2,22.53,245,245,230,3,2,5,12,5,1,4,616,2.5143,245,1.0,245,86,86,2,0.1486,0,8171,2053,413,1400,3,4,demo_vm_idle,ebpf,benign
2026-05-31T01:56:28.814699,1,56,28,22.2,48.9,0.0,88.2,22.55,245,245,230,2,2,5,12,5,1,4,613,2.502,245,1.0,245,88,88,2,0.0906,0,5270,2612,392,1722,2,0,demo_vm_idle,ebpf,benign
2026-05-31T01:56:29.501672,1,56,29,58.3,48.9,0.0,88.2,22.56,245,245,230,3,2,5,12,5,1,4,616,2.5143,245,1.0,245,86,86,2,0.238,0,8124,2053,412,1399,2,1,demo_vm_idle,ebpf,benign
2026-05-31T01:56:30.202935,1,56,30,40.5,48.9,0.0,88.2,22.57,245,245,230,3,2,5,12,5,1,4,616,2.5143,245,1.0,245,87,87,2,0.1653,0,7799,2674,421,1740,2,1,demo_vm_idle,ebpf,benign
2026-05-31T01:56:30.938213,1,56,30,68.6,48.9,0.0,88.2,22.58,245,245,230,4,2,5,12,5,1,4,616,2.5143,245,1.0,245,88,88,2,0.28,0,6871,2749,533,1745,11,0,demo_vm_idle,ebpf,benign
2026-05-31T01:56:31.730224,1,56,31,36.8,48.9,0.0,88.2,22.59,248,248,233,4,2,5,13,5,1,4,619,2.496,248,1.0,248,85,85,2,0.1484,0,10932,5853,1629,3909,46,11,demo_vm_idle,ebpf,benign
2026-05-31T01:56:32.455626,1,56,32,67.6,48.9,0.0,88.2,22.61,248,248,233,4,2,5,13,5,1,4,619,2.496,248,1.0,248,86,86,2,0.2726,0,7263,3854,565,2631,21,0,demo_vm_idle,ebpf,benign
2026-05-31T01:56:33.146281,1,56,33,44.1,48.9,0.0,88.2,22.62,245,245,230,3,2,5,12,5,1,4,616,2.5143,245,1.0,245,85,85,2,0.18,0,8397,2171,480,1436,5,1,demo_vm_idle,ebpf,benign
2026-05-31T01:56:33.839829,1,56,33,38.2,48.9,0.0,88.2,22.63,245,245,230,4,2,5,12,5,1,4,615,2.5102,245,1.0,245,86,86,2,0.1559,0,9617,2705,473,1739,2,1,demo_vm_idle,ebpf,benign
2026-05-31T01:56:34.528907,1,56,34,45.7,48.9,0.0,88.2,22.64,245,245,230,4,2,5,12,5,1,4,616,2.5143,245,1.0,245,87,87,2,0.1865,0,6850,2747,521,1738,3,5,demo_vm_idle,ebpf,benign
2026-05-31T01:56:35.246106,1,56,35,34.5,48.9,0.0,88.2,22.65,245,245,230,3,2,5,12,5,1,4,609,2.4857,245,1.0,245,84,84,2,0.1408,0,7568,2046,384,1402,2,0,demo_vm_idle,ebpf,benign
2026-05-31T01:56:35.951288,1,56,35,51.4,48.9,0.0,88.2,22.66,244,244,230,3,2,4,12,5,1,4,611,2.5041,244,1.0,244,85,85,2,0.2107,0,8154,3059,520,2052,2,1,demo_vm_idle,ebpf,benign
2026-05-31T01:56:36.649914,1,56,36,74.3,48.9,0.0,88.2,22.68,250,247,233,5,2,4,13,5,1,4,614,2.456,250,1.0,250,86,86,2,0.2972,0,7309,4229,736,3158,26,5,demo_vm_idle,ebpf,benign
2026-05-31T01:56:37.323399,1,56,37,48.6,48.9,0.0,88.2,22.69,244,244,230,4,2,4,12,5,1,4,611,2.5041,244,1.0,244,86,86,2,0.1992,0,11479,4623,1583,2514,15,2,demo_vm_idle,ebpf,benign
2026-05-31T01:56:38.023220,1,56,38,35.1,48.9,0.0,88.2,22.7,244,244,230,2,2,4,12,5,1,4,611,2.5041,244,1.0,244,86,86,2,0.1439,0,5928,2824,616,1740,3,1,demo_vm_idle,ebpf,benign
2026-05-31T01:56:38.713474,1,56,38,36.7,48.9,0.0,88.2,22.71,247,247,233,3,2,4,13,5,1,4,606,2.4534,247,1.0,247,85,85,2,0.1486,0,6775,2950,384,2174,11,1,demo_vm_idle,ebpf,benign
2026-05-31T01:56:39.411399,1,56,39,45.5,48.9,0.0,88.2,22.72,247,247,233,4,2,4,13,5,1,4,606,2.4534,247,1.0,247,83,83,2,0.1842,0,9062,2793,538,1760,2,1,demo_vm_idle,ebpf,benign
2026-05-31T01:56:40.093740,1,56,40,40.6,48.9,0.0,88.2,22.73,247,247,233,3,2,4,13,5,1,4,614,2.4858,247,1.0,247,85,85,2,0.1644,0,5082,2766,485,1764,4,1,demo_vm_idle,ebpf,benign
2026-05-31T01:56:40.811079,1,56,40,41.4,48.9,0.0,88.2,22.75,247,247,233,3,2,4,13,5,1,4,614,2.4858,247,1.0,247,85,85,2,0.1676,0,6555,3055,459,2196,11,0,demo_vm_idle,ebpf,benign
2026-05-31T01:56:41.496118,1,56,41,47.1,48.9,0.0,88.2,22.76,247,247,233,4,2,4,13,5,1,4,614,2.4858,247,1.0,247,84,84,2,0.1907,0,4621,4384,559,2949,22,1,demo_vm_idle,ebpf,benign
2026-05-31T01:56:42.172378,1,56,42,51.4,48.9,0.0,88.2,22.77,244,244,230,3,2,4,12,5,1,4,603,2.4713,244,1.0,244,83,83,2,0.2107,0,10719,3163,543,2100,7,0,demo_vm_idle,ebpf,benign
2026-05-31T01:56:42.860908,1,56,42,44.1,48.9,0.0,88.2,22.78,247,247,233,5,2,4,13,5,1,4,606,2.4534,247,1.0,247,84,84,2,0.1785,0,12806,5392,1550,3532,26,7,demo_vm_idle,ebpf,benign
2026-05-31T01:56:43.559264,1,56,43,45.5,48.9,0.0,88.2,22.79,247,247,233,3,2,4,13,5,1,4,614,2.4858,247,1.0,247,84,84,2,0.1842,0,5414,2813,542,1761,2,1,demo_vm_idle,ebpf,benign
2026-05-31T01:56:44.246885,1,56,44,25.7,48.9,0.0,88.2,22.8,245,244,230,3,2,4,12,5,1,4,603,2.4612,245,1.0,245,83,83,2,0.1049,0,6995,2772,504,1766,5,0,demo_vm_idle,ebpf,benign
2026-05-31T01:56:44.929754,1,56,44,42.9,48.9,0.0,88.2,22.81,247,247,233,3,2,4,13,5,1,4,614,2.4858,247,1.0,247,85,85,2,0.1737,0,5585,3010,436,2186,11,1,demo_vm_idle,ebpf,benign
2026-05-31T01:56:45.638887,1,56,45,33.3,48.9,0.0,88.2,22.83,247,247,233,2,2,4,13,5,1,4,606,2.4534,247,1.0,247,81,81,2,0.1348,0,5981,3951,421,2878,13,0,demo_vm_idle,ebpf,benign
2026-05-31T01:56:46.350642,1,56,46,25.7,48.9,0.0,88.2,22.84,250,247,233,4,2,4,13,5,1,4,614,2.456,250,1.0,250,83,83,2,0.1028,0,5581,3105,457,2243,20,1,demo_vm_idle,ebpf,benign
2026-05-31T01:56:47.295302,1,56,47,41.0,49.0,0.0,88.2,22.85,248,248,233,4,2,5,13,5,1,4,613,2.4718,248,1.0,248,84,84,2,0.1653,0,5913,3514,422,2641,27,0,demo_vm_idle,ebpf,benign
2026-05-31T01:56:47.989033,1,56,47,52.6,49.0,0.0,88.2,22.87,249,248,233,4,2,5,13,5,1,4,621,2.494,249,1.0,249,81,81,2,0.2112,0,10400,5519,1301,3431,39,5,demo_vm_idle,ebpf,benign
2026-05-31T01:56:48.701555,1,56,48,25.6,49.0,0.0,88.2,22.88,248,248,233,2,2,5,13,5,1,4,613,2.4718,248,1.0,248,80,80,2,0.1032,0,7417,4852,1035,2945,11,2,demo_vm_idle,ebpf,benign
2026-05-31T01:56:49.402375,1,56,49,51.3,49.0,0.0,88.2,22.89,245,245,230,3,2,5,12,5,1,4,618,2.5224,245,1.0,245,81,81,2,0.2094,0,6551,2140,433,1441,5,1,demo_vm_idle,ebpf,benign
2026-05-31T01:56:50.106241,1,56,50,38.5,49.0,0.0,88.2,22.9,245,245,230,2,2,5,12,5,1,4,618,2.5224,245,1.0,245,82,82,2,0.1571,0,8077,2729,485,1748,2,1,demo_vm_idle,ebpf,benign
2026-05-31T01:56:50.776420,1,56,50,28.6,49.0,0.0,88.2,22.91,244,244,230,3,2,4,12,5,1,4,609,2.4959,244,1.0,244,83,83,2,0.1172,0,7387,2698,458,1736,2,0,demo_vm_idle,ebpf,benign
2026-05-31T01:56:51.447950,1,56,51,51.6,49.0,0.0,88.2,22.92,247,247,233,3,2,4,13,5,1,4,614,2.4858,247,1.0,247,80,80,2,0.2089,0,6161,3050,412,2226,20,1,demo_vm_idle,ebpf,benign
2026-05-31T01:56:52.151031,1,56,52,48.5,49.0,0.0,88.2,22.93,247,247,233,4,2,4,13,5,1,4,614,2.4858,247,1.0,247,81,81,2,0.1964,0,8024,5365,487,3631,34,1,demo_vm_idle,ebpf,benign
2026-05-31T01:56:52.836301,1,56,52,24.0,49.0,0.0,88.2,22.95,244,244,230,4,2,4,12,5,1,4,611,2.5041,244,1.0,244,82,82,2,0.0984,0,6791,4164,539,2550,29,0,demo_vm_idle,ebpf,benign
2026-05-31T01:56:53.526204,1,56,53,71.8,49.0,0.0,88.2,22.96,244,244,230,5,2,4,12,5,1,4,603,2.4713,244,1.0,244,78,78,2,0.2943,0,9906,2089,411,1414,4,1,demo_vm_idle,ebpf,benign
2026-05-31T01:56:54.215353,1,56,54,50.0,49.0,0.0,88.2,22.97,244,244,230,3,2,4,12,5,1,4,611,2.5041,244,1.0,244,80,80,2,0.2049,0,10614,5042,1555,3025,8,7,demo_vm_idle,ebpf,benign
2026-05-31T01:56:54.967659,1,56,54,39.0,49.0,0.0,88.2,22.98,244,244,230,4,2,4,12,5,1,4,611,2.5041,244,1.0,244,81,81,2,0.1598,0,6417,3984,482,2461,21,0,demo_vm_idle,ebpf,benign
2026-05-31T01:56:55.689779,1,56,55,38.2,49.0,0.0,88.2,22.99,244,244,230,4,2,4,12,5,1,4,603,2.4713,244,1.0,244,80,80,2,0.1566,0,8923,2477,532,1714,2,1,demo_vm_idle,ebpf,benign
2026-05-31T01:56:56.427536,1,56,56,32.1,49.0,0.0,88.2,23.01,247,247,233,4,2,4,13,5,1,4,614,2.4858,247,1.0,247,82,82,2,0.13,0,8201,3798,632,2542,20,1,demo_vm_idle,ebpf,benign
2026-05-31T01:56:57.159332,1,56,57,32.7,49.0,0.0,88.2,23.02,244,244,230,3,2,4,12,5,1,4,611,2.5041,244,1.0,244,83,83,2,0.134,0,6165,3185,576,2096,7,1,demo_vm_idle,ebpf,benign
2026-05-31T01:56:57.881181,1,56,57,38.6,49.0,0.0,88.2,23.03,244,244,230,3,2,4,12,5,1,4,604,2.4754,244,1.0,244,79,79,2,0.1582,0,7519,2239,536,1437,12,0,demo_vm_idle,ebpf,benign
2026-05-31T01:56:58.576110,1,56,58,34.4,49.0,0.0,88.2,23.04,244,244,230,4,2,4,12,5,1,4,611,2.5041,244,1.0,244,81,81,2,0.141,0,4596,2685,505,1731,2,1,demo_vm_idle,ebpf,benign
2026-05-31T01:56:59.298910,1,56,59,62.5,49.1,0.0,88.2,23.05,244,244,230,4,2,4,12,5,1,4,605,2.4795,244,1.0,244,84,84,2,0.2561,0,11139,2742,1266,1836,5,4,demo_vm_idle,ebpf,benign
2026-05-31T01:56:59.990519,1,56,59,44.7,49.1,0.0,88.2,23.07,244,244,230,2,2,4,12,5,1,4,605,2.4795,244,1.0,244,78,78,2,0.1832,0,11083,4380,1190,2572,5,24,demo_vm_idle,ebpf,benign
2026-05-31T01:57:00.696369,1,57,0,38.9,49.1,0.0,88.2,23.08,244,244,230,4,2,4,12,5,1,4,610,2.5,244,1.0,244,80,80,2,0.1594,0,5398,2742,514,1726,2,4,demo_vm_idle,ebpf,benign
2026-05-31T01:57:01.398874,1,57,1,48.6,49.1,0.0,88.2,23.09,247,247,233,4,2,4,13,5,1,4,616,2.4939,247,1.0,247,81,81,2,0.1968,0,8919,3744,540,2574,20,3,demo_vm_idle,ebpf,benign
2026-05-31T01:57:02.117547,1,57,2,46.2,49.1,0.0,88.2,23.1,249,245,230,5,2,5,12,5,1,4,612,2.4578,249,1.0,249,79,79,2,0.1855,0,9377,2790,705,1831,16,1,demo_vm_idle,ebpf,benign
2026-05-31T01:57:02.813851,1,57,2,52.9,49.1,0.0,88.2,23.11,248,248,233,4,2,5,13,5,1,4,623,2.5121,248,1.0,248,81,81,2,0.2133,0,7549,5109,591,3330,36,1,demo_vm_idle,ebpf,benign
2026-05-31T01:57:03.515875,1,57,3,51.3,49.1,0.0,88.2,23.12,248,248,233,3,2,5,13,5,1,4,623,2.5121,248,1.0,248,82,82,2,0.2069,0,6266,2805,525,1785,5,1,demo_vm_idle,ebpf,benign
2026-05-31T01:57:04.203226,1,57,4,47.4,49.1,0.0,88.2,23.14,244,244,230,4,2,4,12,5,1,4,605,2.4795,244,1.0,244,78,78,2,0.1943,0,8995,2120,432,1435,5,0,demo_vm_idle,ebpf,benign
2026-05-31T01:57:04.911798,1,57,4,54.1,49.1,0.0,88.2,23.15,244,244,230,4,2,4,12,5,1,4,613,2.5123,244,1.0,244,80,80,2,0.2217,0,7147,2833,635,1737,3,1,demo_vm_idle,ebpf,benign
2026-05-31T01:57:05.615931,1,57,5,30.0,49.1,0.0,88.2,23.16,247,247,233,3,2,4,13,5,1,4,616,2.4939,247,1.0,247,80,80,2,0.1215,0,10009,5592,1476,3797,17,6,demo_vm_idle,ebpf,benign
2026-05-31T01:57:06.304185,1,57,6,30.8,49.1,0.0,88.2,23.17,247,247,233,4,2,4,13,5,1,4,618,2.502,247,1.0,247,78,78,2,0.1247,0,4836,5161,686,3345,40,0,demo_vm_idle,ebpf,benign
2026-05-31T01:57:07.005526,1,57,7,47.2,49.1,0.0,88.2,23.18,247,247,233,3,2,4,13,5,1,4,618,2.502,247,1.0,247,78,78,2,0.1911,0,6398,2449,512,1707,6,1,demo_vm_idle,ebpf,benign
2026-05-31T01:57:07.710000,1,57,7,37.1,49.1,0.0,88.2,23.19,247,247,233,4,2,4,13,5,1,4,618,2.502,247,1.0,247,79,79,2,0.1502,0,6947,5156,595,3347,40,1,demo_vm_idle,ebpf,benign
2026-05-31T01:57:08.411735,1,57,8,57.5,49.1,0.0,88.2,23.21,247,247,233,4,2,4,13,5,1,4,610,2.4696,247,1.0,247,76,76,2,0.2328,0,7720,2076,418,1409,2,0,demo_vm_idle,ebpf,benign
2026-05-31T01:57:09.098308,1,57,9,35.5,49.1,0.0,88.2,23.22,244,244,230,4,2,4,12,5,1,4,615,2.5205,244,1.0,244,78,78,2,0.1455,0,5022,4168,617,2506,22,1,demo_vm_idle,ebpf,benign
2026-05-31T01:57:09.827046,1,57,9,26.3,49.1,0.0,88.2,23.23,244,244,230,4,2,4,12,5,1,4,615,2.5205,244,1.0,244,79,79,2,0.1078,0,9068,2700,473,1728,2,0,demo_vm_idle,ebpf,benign
2026-05-31T01:57:10.529252,1,57,10,40.5,49.1,0.0,88.2,23.24,244,244,230,4,2,4,12,5,1,4,607,2.4877,244,1.0,244,77,77,2,0.166,0,8699,4051,570,2471,20,1,demo_vm_idle,ebpf,benign
2026-05-31T01:57:11.226247,1,57,11,53.1,49.1,0.0,88.2,23.25,247,247,233,5,2,4,13,5,1,4,618,2.502,247,1.0,247,79,79,2,0.215,0,9802,5440,1579,3519,26,7,demo_vm_idle,ebpf,benign
2026-05-31T01:57:11.929333,1,57,11,54.1,49.1,0.0,88.2,23.26,247,246,233,4,2,4,13,5,1,4,617,2.498,247,1.0,247,80,80,2,0.219,0,6565,2777,503,1750,2,0,demo_vm_idle,ebpf,benign
2026-05-31T01:57:12.617869,1,57,12,30.3,49.1,0.0,88.2,23.28,244,244,230,4,2,4,12,5,1,4,607,2.4877,244,1.0,244,76,76,2,0.1242,0,9391,3143,498,2141,16,1,demo_vm_idle,ebpf,benign
2026-05-31T01:57:13.311789,1,57,13,45.5,49.1,0.0,88.2,23.29,244,244,230,4,2,4,12,5,1,4,615,2.5205,244,1.0,244,78,78,2,0.1865,0,7007,2223,594,1396,2,1,demo_vm_idle,ebpf,benign
2026-05-31T01:57:13.984405,1,57,13,18.2,49.1,0.0,88.2,23.3,244,244,230,4,2,4,12,5,1,4,615,2.5205,244,1.0,244,78,78,2,0.0746,0,6525,4081,669,2459,20,1,demo_vm_idle,ebpf,benign
2026-05-31T01:57:14.667178,1,57,14,41.9,49.1,0.0,88.2,23.31,244,244,230,3,2,4,12,5,1,4,615,2.5205,244,1.0,244,78,78,2,0.1717,0,2328,1907,237,1376,3,0,demo_vm_idle,ebpf,benign
2026-05-31T01:57:15.363477,1,57,15,39.5,49.1,0.0,88.2,23.32,244,244,230,4,2,4,12,5,1,4,615,2.5205,244,1.0,244,79,79,2,0.1619,0,7406,2044,400,1389,2,0,demo_vm_idle,ebpf,benign
2026-05-31T01:57:16.047168,1,57,16,30.3,49.1,0.0,88.2,23.33,247,246,232,3,2,4,13,5,1,4,606,2.4534,247,1.0,247,76,76,2,0.1227,0,10531,3681,568,2391,2,1,demo_vm_idle,ebpf,benign
2026-05-31T01:57:16.827728,1,57,16,32.3,49.1,0.0,88.2,23.34,247,247,233,4,2,4,13,5,1,4,607,2.4575,247,1.0,247,77,77,2,0.1308,0,12229,5490,1609,3548,26,7,demo_vm_idle,ebpf,benign
2026-05-31T01:57:17.632332,1,57,17,35.9,49.1,0.0,88.2,23.36,244,244,230,3,2,4,12,5,1,4,611,2.5041,244,1.0,244,79,79,2,0.1471,0,6715,3278,643,2139,16,1,demo_vm_idle,ebpf,benign
2026-05-31T01:57:18.448750,1,57,18,18.9,49.1,0.0,88.2,23.37,244,244,230,4,2,4,12,5,1,4,611,2.5041,244,1.0,244,79,79,2,0.0775,0,9368,2865,619,1748,3,0,demo_vm_idle,ebpf,benign
2026-05-31T01:57:19.231798,1,57,19,32.4,49.1,0.0,88.2,23.38,244,244,230,3,2,4,12,5,1,4,603,2.4713,244,1.0,244,78,78,2,0.1328,0,8537,2087,459,1396,2,1,demo_vm_idle,ebpf,benign
2026-05-31T01:57:20.110819,1,57,20,34.7,49.1,0.0,88.2,23.4,244,244,230,3,2,4,12,5,1,4,611,2.5041,244,1.0,244,80,80,2,0.1422,0,6867,2748,516,1736,2,1,demo_vm_idle,ebpf,benign
2026-05-31T01:57:20.870165,1,57,20,15.2,49.1,0.0,88.2,23.41,243,243,230,4,2,4,11,5,0,4,610,2.5103,243,1.0,243,80,80,2,0.0626,0,8061,2823,619,1720,2,0,demo_vm_idle,ebpf,benign
2026-05-31T01:57:21.570376,1,57,21,31.4,49.1,0.0,88.2,23.42,247,247,233,3,2,4,13,5,1,4,606,2.4534,247,1.0,247,79,79,2,0.1271,0,9485,3164,551,2228,20,1,demo_vm_idle,ebpf,benign
2026-05-31T01:57:22.263279,1,57,22,55.3,49.1,0.0,88.2,23.44,244,244,230,4,2,4,12,5,1,4,611,2.5041,244,1.0,244,79,79,2,0.2266,0,6701,3430,785,2395,13,5,demo_vm_idle,ebpf,benign
2026-05-31T01:57:22.956517,1,57,22,12.5,49.1,0.0,88.2,23.45,244,244,230,3,2,4,12,5,1,4,603,2.4713,244,1.0,244,78,78,2,0.0512,0,10906,4606,1441,2613,11,2,demo_vm_idle,ebpf,benign
2026-05-31T01:57:23.639103,1,57,23,29.0,49.1,0.0,88.2,23.46,244,244,230,2,2,4,12,5,1,4,611,2.5041,244,1.0,244,80,80,2,0.1189,0,2503,2398,446,1538,2,1,demo_vm_idle,ebpf,benign
2026-05-31T01:57:24.337279,1,57,24,37.1,49.1,0.0,88.2,23.47,244,243,229,4,2,4,12,5,1,4,610,2.5,244,1.0,244,80,80,2,0.152,0,9036,2730,489,1738,2,0,demo_vm_idle,ebpf,benign
2026-05-31T01:57:25.021325,1,57,25,31.6,49.1,0.0,88.2,23.48,244,244,230,3,2,4,12,5,1,4,611,2.5041,244,1.0,244,80,80,2,0.1295,0,4200,2018,458,1382,3,1,demo_vm_idle,ebpf,benign
2026-05-31T01:57:25.734026,1,57,25,34.6,49.1,0.0,88.2,23.49,244,244,230,4,2,4,12,5,1,4,603,2.4713,244,1.0,244,79,79,2,0.1418,0,6387,2301,371,1692,2,0,demo_vm_idle,ebpf,benign
2026-05-31T01:57:26.405603,1,57,26,28.1,49.1,0.0,88.2,23.51,247,247,233,3,2,4,13,5,1,4,608,2.4615,247,1.0,247,79,79,2,0.1138,0,6086,3663,459,2557,20,1,demo_vm_idle,ebpf,benign
2026-05-31T01:57:27.075897,1,57,27,28.6,49.1,0.0,88.2,23.52,247,246,233,3,2,4,13,5,1,4,605,2.4494,247,1.0,247,78,78,2,0.1158,0,6168,2697,416,1756,2,0,demo_vm_idle,ebpf,benign
2026-05-31T01:57:27.782658,1,57,27,28.9,49.2,0.0,88.2,23.53,244,244,230,4,2,4,12,5,1,4,611,2.5041,244,1.0,244,81,81,2,0.1184,0,5209,2602,561,1782,23,2,demo_vm_idle,ebpf,benign
2026-05-31T01:57:28.457747,1,57,28,25.0,49.2,0.0,88.2,23.54,244,244,230,3,2,4,12,5,1,4,603,2.4713,244,1.0,244,78,78,2,0.1025,0,12636,5148,1649,3034,8,6,demo_vm_idle,ebpf,benign
2026-05-31T01:57:29.184206,1,57,29,50.0,49.2,0.0,88.2,23.55,244,244,230,3,2,4,12,5,1,4,607,2.4877,244,1.0,244,80,80,2,0.2049,0,4804,2026,379,1392,2,1,demo_vm_idle,ebpf,benign
2026-05-31T01:57:29.871570,1,57,29,63.6,49.2,0.0,88.2,23.56,245,245,230,2,2,5,12,5,1,4,618,2.5224,245,1.0,245,82,82,2,0.2596,0,5439,2678,455,1720,2,0,demo_vm_idle,ebpf,benign
2026-05-31T01:57:30.567946,1,57,30,27.6,49.2,0.0,88.2,23.57,245,245,230,3,2,5,12,5,1,4,618,2.5224,245,1.0,245,79,79,2,0.1127,0,6430,2277,519,1488,10,1,demo_vm_idle,ebpf,benign
2026-05-31T01:57:31.268373,1,57,31,31.4,49.2,0.0,88.2,23.59,251,251,236,4,2,5,14,5,1,4,624,2.4861,251,1.0,251,80,80,2,0.1251,0,6880,5980,530,4124,48,1,demo_vm_idle,ebpf,benign
2026-05-31T01:57:32.060575,1,57,32,44.4,49.2,0.0,88.2,23.6,247,247,233,4,2,4,13,5,1,4,612,2.4777,247,1.0,247,80,80,2,0.1798,0,5895,2050,329,1443,3,0,demo_vm_idle,ebpf,benign
2026-05-31T01:57:32.837380,1,57,32,37.8,49.2,0.0,88.2,23.61,244,244,230,4,2,4,12,5,1,4,611,2.5041,244,1.0,244,79,79,2,0.1549,0,6712,4643,725,2906,37,1,demo_vm_idle,ebpf,benign
2026-05-31T01:57:33.763440,1,57,33,38.7,49.2,0.0,88.2,23.62,247,247,233,5,2,4,13,5,1,4,608,2.4615,247,1.0,247,80,80,2,0.1567,0,9202,3839,680,2545,11,1,demo_vm_idle,ebpf,benign
2026-05-31T01:57:34.529868,1,57,34,41.8,49.2,0.0,88.2,23.64,244,244,230,5,2,4,12,5,1,4,603,2.4713,244,1.0,244,77,77,2,0.1713,0,14194,5108,1736,3006,10,6,demo_vm_idle,ebpf,benign
2026-05-31T01:57:35.419653,1,57,35,20.5,49.2,0.0,88.2,23.65,244,244,230,3,2,4,12,5,1,4,611,2.5041,244,1.0,244,79,79,2,0.084,0,5803,3772,753,2221,21,1,demo_vm_idle,ebpf,benign
2026-05-31T01:57:36.205649,1,57,36,41.7,49.3,0.0,88.2,23.67,247,246,232,4,2,4,13,5,1,4,605,2.4494,247,1.0,247,78,78,2,0.1688,0,9237,2485,563,1703,2,0,demo_vm_idle,ebpf,benign
2026-05-31T01:57:37.090309,1,57,37,48.7,49.2,0.0,88.2,23.68,247,247,233,3,2,4,13,5,1,4,614,2.4858,247,1.0,247,78,78,2,0.1972,0,10504,5198,751,3316,38,1,demo_vm_idle,ebpf,benign
2026-05-31T01:57:37.950320,1,57,37,47.6,49.3,0.0,88.2,23.7,247,247,233,3,2,4,13,5,1,4,614,2.4858,247,1.0,247,80,80,2,0.1927,0,7445,4299,710,2956,27,3,demo_vm_idle,ebpf,benign
2026-05-31T01:57:38.676012,1,57,38,21.9,49.3,0.0,88.2,23.71,244,244,230,5,2,4,12,5,1,4,603,2.4713,244,1.0,244,78,78,2,0.0898,0,8846,4273,762,2509,22,0,demo_vm_idle,ebpf,benign
2026-05-31T01:57:39.539197,1,57,39,47.7,49.3,0.0,88.2,23.72,247,247,233,4,2,4,13,5,1,4,614,2.4858,247,1.0,247,80,80,2,0.1931,0,5398,3298,679,2488,14,5,demo_vm_idle,ebpf,benign
2026-05-31T01:57:40.362222,1,57,40,37.2,49.3,0.0,88.2,23.74,244,244,230,3,2,4,12,5,1,4,611,2.5041,244,1.0,244,81,81,2,0.1525,0,10890,4768,1282,2772,7,2,demo_vm_idle,ebpf,benign
2026-05-31T01:57:41.088670,1,57,41,54.1,49.3,0.0,88.2,23.75,248,246,233,3,2,4,12,5,0,4,613,2.4718,248,1.0,248,79,79,2,0.2181,0,6808,3131,562,2190,11,1,demo_vm_idle,ebpf,benign
2026-05-31T01:57:41.784704,1,57,41,35.5,49.3,0.0,88.2,23.76,247,247,233,4,2,4,13,5,1,4,606,2.4534,247,1.0,247,80,80,2,0.1437,0,6009,5152,618,3346,39,0,demo_vm_idle,ebpf,benign
2026-05-31T01:57:42.487242,1,57,42,28.6,49.3,0.0,88.2,23.77,244,244,230,3,2,4,12,5,1,4,611,2.5041,244,1.0,244,80,80,2,0.1172,0,6964,2674,613,1794,17,1,demo_vm_idle,ebpf,benign
2026-05-31T01:57:43.155732,1,57,43,36.7,49.3,0.0,88.2,23.78,244,244,230,4,2,4,12,5,1,4,603,2.4713,244,1.0,244,77,77,2,0.1504,0,4897,2678,488,1736,2,0,demo_vm_idle,ebpf,benign
2026-05-31T01:57:43.887375,1,57,43,54.5,49.3,0.0,88.2,23.8,244,244,230,4,2,4,12,5,1,4,611,2.5041,244,1.0,244,79,79,2,0.2234,0,6182,1962,314,1382,2,1,demo_vm_idle,ebpf,benign
2026-05-31T01:57:44.585164,1,57,44,45.5,49.3,0.0,88.2,23.81,244,244,230,3,2,4,12,5,1,4,611,2.5041,244,1.0,244,80,80,2,0.1865,0,8497,2812,639,1736,3,1,demo_vm_idle,ebpf,benign
2026-05-31T01:57:45.272372,1,57,45,30.4,49.3,0.0,88.2,23.82,244,244,230,5,2,4,12,5,1,4,604,2.4754,244,1.0,244,79,79,2,0.1246,0,12442,5179,1752,3049,9,6,demo_vm_idle,ebpf,benign
2026-05-31T01:57:45.971481,1,57,45,47.1,49.3,0.0,88.2,23.83,244,244,230,4,2,4,12,5,1,4,611,2.5041,244,1.0,244,79,79,2,0.193,0,4902,2302,378,1693,2,1,demo_vm_idle,ebpf,benign
2026-05-31T01:57:46.662587,1,57,46,33.3,49.3,0.0,88.2,23.84,247,247,233,3,2,4,13,5,1,4,606,2.4534,247,1.0,247,78,78,2,0.1348,0,6782,3641,433,2548,19,0,demo_vm_idle,ebpf,benign
2026-05-31T01:57:47.388486,1,57,47,42.9,49.3,0.0,88.2,23.85,244,243,230,3,2,4,12,5,1,4,610,2.5,244,1.0,244,79,79,2,0.1758,0,5811,2273,570,1457,12,1,demo_vm_idle,ebpf,benign
2026-05-31T01:57:48.073595,1,57,48,48.6,49.3,0.0,88.2,23.87,244,244,230,3,2,4,12,5,1,4,603,2.4713,244,1.0,244,78,78,2,0.1992,0,7561,3064,494,2076,8,0,demo_vm_idle,ebpf,benign
2026-05-31T01:57:48.774982,1,57,48,38.2,49.3,0.0,88.2,23.88,244,244,230,3,2,4,12,5,1,4,611,2.5041,244,1.0,244,80,80,2,0.1566,0,6041,2081,441,1389,2,1,demo_vm_idle,ebpf,benign
2026-05-31T01:57:49.464365,1,57,49,40.0,49.3,0.0,88.2,23.89,244,244,230,3,2,4,12,5,1,4,611,2.5041,244,1.0,244,79,79,2,0.1639,0,6037,2678,455,1726,2,1,demo_vm_idle,ebpf,benign
2026-05-31T01:57:50.172058,1,57,50,38.2,49.3,0.0,88.2,23.9,244,244,230,2,2,4,12,5,1,4,610,2.5,244,1.0,244,78,78,2,0.1566,0,8843,2072,429,1397,2,0,demo_vm_idle,ebpf,benign
2026-05-31T01:57:50.927175,1,57,50,52.6,49.3,0.0,88.2,23.91,244,244,230,6,2,4,12,5,1,4,611,2.5041,244,1.0,244,78,78,2,0.2156,0,8700,3139,873,2034,5,5,demo_vm_idle,ebpf,benign
2026-05-31T01:57:51.614631,1,57,51,36.1,49.3,0.0,88.2,23.93,247,247,233,3,2,4,13,5,1,4,614,2.4858,247,1.0,247,79,79,2,0.1462,0,9410,5650,1223,3559,23,3,demo_vm_idle,ebpf,benign
2026-05-31T01:57:52.301681,1,57,52,58.6,49.3,0.0,88.2,23.94,245,245,230,5,2,5,12,5,1,4,610,2.4898,245,1.0,245,78,78,2,0.2392,0,10126,4176,551,2560,11,0,demo_vm_idle,ebpf,benign
2026-05-31T01:57:53.017552,1,57,53,75.8,49.3,0.0,88.2,23.95,245,245,230,5,2,5,12,5,1,4,621,2.5347,245,1.0,245,78,78,2,0.3094,0,6205,2660,625,1841,35,1,demo_vm_idle,ebpf,benign
2026-05-31T01:57:53.716194,1,57,53,62.1,49.3,0.0,88.2,23.96,248,248,233,4,2,5,13,5,1,4,616,2.4839,248,1.0,248,77,77,2,0.2504,0,7115,3666,503,2561,12,0,demo_vm_idle,ebpf,benign
2026-05-31T01:57:54.407096,1,57,54,61.8,49.3,0.0,88.2,23.97,245,245,230,5,2,5,12,5,1,4,617,2.5184,245,1.0,245,79,79,2,0.2522,0,6518,2151,507,1512,13,1,demo_vm_idle,ebpf,benign
2026-05-31T01:57:55.098513,1,57,55,52.8,49.3,0.0,88.2,23.98,245,245,230,5,2,5,12,5,1,4,621,2.5347,245,1.0,245,78,78,2,0.2155,0,7162,2754,566,1825,3,1,demo_vm_idle,ebpf,benign
2026-05-31T01:57:55.841275,1,57,55,51.2,49.3,0.0,88.2,24.0,246,245,230,5,2,5,12,5,1,4,619,2.5163,246,1.0,246,79,79,2,0.2081,0,7496,2342,414,1765,10,0,demo_vm_idle,ebpf,benign
2026-05-31T01:57:56.557873,1,57,56,71.4,49.4,0.0,88.2,24.01,248,248,233,5,2,5,13,5,1,4,618,2.4919,248,1.0,248,79,79,2,0.2879,0,7923,3803,621,2690,21,1,demo_vm_idle,ebpf,benign
2026-05-31T01:57:57.247971,1,57,57,54.8,49.3,0.0,88.2,24.02,245,245,230,5,2,5,12,5,1,4,613,2.502,245,1.0,245,75,75,2,0.2237,0,11429,5184,1669,2871,13,6,demo_vm_idle,ebpf,benign
2026-05-31T01:57:57.990906,1,57,57,65.8,49.4,0.0,88.2,24.03,245,245,230,5,2,5,12,5,1,4,621,2.5347,245,1.0,245,76,76,2,0.2686,0,7642,2626,616,1850,18,1,demo_vm_idle,ebpf,benign
2026-05-31T01:57:58.696201,1,57,58,54.5,49.4,0.0,88.2,24.04,248,248,233,4,2,5,13,5,1,4,616,2.4839,248,1.0,248,75,75,2,0.2198,0,6762,3820,627,2624,20,0,demo_vm_idle,ebpf,benign
2026-05-31T01:57:59.733545,1,57,59,55.0,49.4,0.0,88.2,24.06,245,245,230,4,2,5,12,5,1,4,619,2.5265,245,1.0,245,76,76,2,0.2245,0,5573,2313,709,1504,5,1,demo_vm_idle,ebpf,benign
2026-05-31T01:58:00.408690,1,58,0,61.8,49.4,0.0,88.2,24.07,245,245,230,5,2,5,12,5,1,4,621,2.5347,245,1.0,245,76,76,2,0.2522,0,5914,2076,423,1438,10,0,demo_vm_idle,ebpf,benign
2026-05-31T01:58:01.146358,1,58,1,79.4,49.4,0.0,88.2,24.08,247,245,230,4,2,5,12,5,1,4,621,2.5142,247,1.0,247,75,75,2,0.3215,0,6267,2716,498,1759,2,1,demo_vm_idle,ebpf,benign
2026-05-31T01:58:01.882487,1,58,1,51.5,49.4,0.0,88.2,24.1,248,248,233,4,2,5,13,5,1,4,624,2.5161,248,1.0,248,75,75,2,0.2077,0,7415,3124,493,2319,28,0,demo_vm_idle,ebpf,benign
2026-05-31T01:58:02.624367,1,58,2,83.3,49.3,0.0,88.2,24.11,247,243,230,5,2,5,11,5,0,4,619,2.5061,247,1.0,247,76,76,2,0.3372,0,10254,3984,1494,2234,15,5,demo_vm_idle,ebpf,benign
2026-05-31T01:58:03.340506,1,58,3,48.6,49.4,0.0,88.2,24.12,245,245,230,4,2,5,12,5,1,4,621,2.5347,245,1.0,245,73,73,2,0.1984,0,9143,3875,898,2710,18,2,demo_vm_idle,ebpf,benign
2026-05-31T01:58:04.040351,1,58,4,66.7,49.3,0.0,88.2,24.13,248,248,233,4,2,5,13,5,1,4,616,2.4839,248,1.0,248,72,72,2,0.269,0,4592,3611,517,2558,20,0,demo_vm_idle,ebpf,benign
2026-05-31T01:58:04.814346,1,58,4,50.0,49.4,0.0,88.2,24.14,248,248,233,4,2,5,13,5,1,4,624,2.5161,248,1.0,248,74,74,2,0.2016,0,5491,2084,484,1426,3,1,demo_vm_idle,ebpf,benign
2026-05-31T01:58:05.543036,1,58,5,51.6,49.4,0.0,88.2,24.16,245,245,230,5,2,5,12,5,1,4,613,2.502,245,1.0,245,72,72,2,0.2106,0,7734,2167,539,1480,5,0,demo_vm_idle,ebpf,benign
2026-05-31T01:58:06.210599,1,58,6,46.2,49.4,0.0,88.2,24.17,248,248,233,5,2,5,13,5,2,4,624,2.5161,248,1.0,248,74,74,2,0.1863,0,6132,3165,644,2098,14,1,demo_vm_idle,ebpf,benign
2026-05-31T01:58:06.914066,1,58,6,63.6,49.4,0.0,88.2,24.18,248,248,233,4,2,5,13,5,1,4,624,2.5161,248,1.0,248,74,74,2,0.2565,0,6147,3028,410,2263,15,0,demo_vm_idle,ebpf,benign
2026-05-31T01:58:07.639986,1,58,7,57.1,49.4,0.0,88.2,24.19,245,244,230,5,2,5,12,5,1,4,620,2.5306,245,1.0,245,73,73,2,0.2331,0,7691,2867,534,1860,20,1,demo_vm_idle,ebpf,benign
2026-05-31T01:58:08.363435,1,58,8,64.7,49.4,0.0,88.2,24.2,245,245,230,5,2,5,12,5,1,4,618,2.5224,245,1.0,245,73,73,2,0.2641,0,8077,2839,869,2096,19,4,demo_vm_idle,ebpf,benign
2026-05-31T01:58:09.127143,1,58,9,55.0,49.5,0.0,88.2,24.22,245,245,230,6,2,5,12,5,1,4,614,2.5061,245,1.0,245,74,74,2,0.2245,0,8932,4814,1293,2832,5,3,demo_vm_idle,ebpf,benign
2026-05-31T01:58:09.815751,1,58,9,36.1,49.4,0.0,88.2,24.23,244,244,230,4,2,4,12,5,1,4,611,2.5041,244,1.0,244,74,74,2,0.148,0,9915,4168,694,2484,20,0,demo_vm_idle,ebpf,benign
2026-05-31T01:58:10.527707,1,58,10,32.4,49.4,0.0,88.2,24.24,247,247,233,3,2,4,13,5,1,4,606,2.4534,247,1.0,247,73,73,2,0.1312,0,9486,3075,491,2191,11,1,demo_vm_idle,ebpf,benign
2026-05-31T01:58:11.230288,1,58,11,57.9,49.4,0.0,88.2,24.25,247,247,233,4,2,4,13,5,1,4,613,2.4818,247,1.0,247,75,75,2,0.2344,0,6316,2736,455,1756,2,1,demo_vm_idle,ebpf,benign
2026-05-31T01:58:11.917994,1,58,11,58.3,49.4,0.0,88.2,24.26,247,247,233,4,2,4,13,5,1,4,614,2.4858,247,1.0,247,74,74,2,0.236,0,6234,3786,571,2587,22,0,demo_vm_idle,ebpf,benign
2026-05-31T01:58:12.628439,1,58,12,17.6,49.3,0.0,88.2,24.28,244,244,230,3,2,4,12,5,1,4,611,2.5041,244,1.0,244,74,74,2,0.0721,0,9111,2151,442,1464,12,1,demo_vm_idle,ebpf,benign
2026-05-31T01:58:13.388278,1,58,13,50.0,49.3,0.0,88.2,24.29,244,244,230,4,2,4,12,5,1,4,605,2.4795,244,1.0,244,73,73,2,0.2049,0,6894,3031,444,2077,7,1,demo_vm_idle,ebpf,benign
2026-05-31T01:58:14.258452,1,58,14,61.0,49.3,0.0,88.2,24.3,244,244,230,5,2,4,12,5,1,4,611,2.5041,244,1.0,244,74,74,2,0.25,0,8108,2786,589,1740,2,1,demo_vm_idle,ebpf,benign
2026-05-31T01:58:15.114307,1,58,15,50.0,49.3,0.0,88.2,24.31,244,244,230,3,2,4,12,5,1,4,603,2.4713,244,1.0,244,73,73,2,0.2049,0,12139,4446,1565,2698,9,6,demo_vm_idle,ebpf,benign
2026-05-31T01:58:15.962387,1,58,15,41.3,49.2,0.0,88.2,24.33,247,247,233,3,2,4,13,5,1,4,614,2.4858,247,1.0,247,73,73,2,0.1672,0,7394,4015,569,2845,11,1,demo_vm_idle,ebpf,benign
